,NAME,TEAM,SALARY
0,"Stephen Curry, PG",Golden State Warriors,"$37,457,154"
1,"LeBron James, SF",Los Angeles Lakers,"$35,654,150"
2,"Russell Westbrook, PG",Oklahoma City Thunder,"$35,654,150"
3,"Chris Paul, PG",Houston Rockets,"$35,654,150"
4,"Blake Griffin, PF",Detroit Pistons,"$32,088,932"
5,"Gordon Hayward, SF",Boston Celtics,"$31,214,295"
6,"Kyle Lowry, PG",Toronto Raptors,"$31,200,000"
7,"Paul George, F",Oklahoma City Thunder,"$30,560,700"
8,"Mike Conley, PG",Memphis Grizzlies,"$30,521,115"
9,"James Harden, SG",Houston Rockets,"$30,421,854"
10,"Kevin Durant, PF",Golden State Warriors,"$30,000,000"
11,"Paul Millsap, PF",Denver Nuggets,"$29,230,769"
12,"Al Horford, C",Boston Celtics,"$28,928,709"
13,"Damian Lillard, PG",Portland Trail Blazers,"$27,977,689"
14,"DeMar DeRozan, SF",San Antonio Spurs,"$27,739,975"
15,"Otto Porter Jr., SF",Chicago Bulls,"$26,011,913"
16,"Jrue Holiday, PG",New Orleans Pelicans,"$25,976,111"
17,"CJ McCollum, SG",Portland Trail Blazers,"$25,759,766"
18,"Joel Embiid, C",Philadelphia 76ers,"$25,467,250"
19,"Andrew Wiggins, SF",Minnesota Timberwolves,"$25,467,250"
20,"Bradley Beal, SG",Washington Wizards,"$25,434,263"
21,"Anthony Davis, PF",New Orleans Pelicans,"$25,434,263"
22,"Andre Drummond, C",Detroit Pistons,"$25,434,263"
23,"Hassan Whiteside, C",Miami Heat,"$25,434,262"
24,"Nikola Jokic, C",Denver Nuggets,"$24,605,181"
25,"Giannis Antetokounmpo, PF",Milwaukee Bucks,"$24,157,303"
26,"Steven Adams, C",Oklahoma City Thunder,"$24,157,303"
27,"Marc Gasol, C",Toronto Raptors,"$24,119,025"
28,"Kevin Love, PF",Cleveland Cavaliers,"$24,119,025"
29,"Harrison Barnes, SF",Sacramento Kings,"$24,107,258"
30,"Chandler Parsons, SF",Memphis Grizzlies,"$24,107,258"
31,"Nicolas Batum, PF",Charlotte Hornets,"$24,000,000"
32,"Rudy Gobert, C",Utah Jazz,"$23,241,573"
33,"Kawhi Leonard, SF",Toronto Raptors,"$23,114,067"
34,"DeAndre Jordan, C",New York Knicks,"$22,897,200"
35,"LaMarcus Aldridge, C",San Antonio Spurs,"$22,347,015"
36,"Serge Ibaka, F",Toronto Raptors,"$21,666,667"
37,"Aaron Gordon, PF",Orlando Magic,"$21,590,909"
38,"Danilo Gallinari, PF",LA Clippers,"$21,587,579"
39,"Victor Oladipo, SG",Indiana Pacers,"$21,000,000"
40,"Jimmy Butler, SF",Philadelphia 76ers,"$20,445,779"
41,"Ryan Anderson, PF",Miami Heat,"$20,421,546"
42,"Kyrie Irving, PG",Boston Celtics,"$20,099,189"
43,"Jabari Parker, PF",Washington Wizards,"$20,000,000"
44,"Zach LaVine, SG",Chicago Bulls,"$19,500,000"
45,"Tyler Johnson, G",Phoenix Suns,"$19,356,932"
46,"Tim Hardaway Jr., SF",Dallas Mavericks,"$19,200,127"
47,"John Wall, PG",Washington Wizards,"$19,169,800"
48,"Jeff Teague, PG",Minnesota Timberwolves,"$19,000,000"
49,"George Hill, PG",Milwaukee Bucks,"$19,000,000"
50,"Klay Thompson, SG",Golden State Warriors,"$18,988,725"
51,"Allen Crabbe, G",Brooklyn Nets,"$18,500,000"
52,"Goran Dragic, PG",Miami Heat,"$18,109,175"
53,"Kent Bazemore, SF",Atlanta Hawks,"$18,089,887"
54,"Evan Turner, G",Portland Trail Blazers,"$17,868,853"
55,"Draymond Green, PF",Golden State Warriors,"$17,469,565"
56,"Tristan Thompson, C",Cleveland Cavaliers,"$17,469,565"
57,"Evan Fournier, SG",Orlando Magic,"$17,150,000"
58,"Reggie Jackson, PG",Detroit Pistons,"$17,043,478"
59,"Bismack Biyombo, C",Charlotte Hornets,"$17,000,000"
60,"Derrick Favors, F",Utah Jazz,"$16,900,000"
61,"Jonas Valanciunas, C",Memphis Grizzlies,"$16,539,326"
62,"Gary Harris, SG",Denver Nuggets,"$16,517,857"
63,"Timofey Mozgov, C",Orlando Magic,"$16,000,000"
64,"Andre Iguodala, F",Golden State Warriors,"$16,000,000"
65,"Ian Mahinmi, C",Washington Wizards,"$15,944,154"
66,"Dennis Schroder, PG",Oklahoma City Thunder,"$15,500,000"
67,"DeMarre Carroll, F",Brooklyn Nets,"$15,400,000"
68,"Gorgui Dieng, C",Minnesota Timberwolves,"$15,170,787"
69,"Eric Bledsoe, SG",Milwaukee Bucks,"$15,000,000"
70,"Trevor Ariza, SF",Washington Wizards,"$15,000,000"
71,"Ricky Rubio, PG",Utah Jazz,"$14,975,000"
72,"Tobias Harris, F",Philadelphia 76ers,"$14,800,000"
73,"JR Smith, G",Cleveland Cavaliers,"$14,720,000"
74,"Luke Babbitt, F",Miami Heat,"$14,651,700"
75,"James Johnson, PF",Miami Heat,"$14,651,700"
76,"Brandon Knight, PG",Cleveland Cavaliers,"$14,631,250"
77,"Robin Lopez, C",Chicago Bulls,"$14,357,750"
78,"Marvin Williams, F",Charlotte Hornets,"$14,087,500"
79,"Taj Gibson, F",Minnesota Timberwolves,"$14,000,000"
80,"Thaddeus Young, F",Indiana Pacers,"$13,964,045"
81,"Clint Capela, C",Houston Rockets,"$13,793,104"
82,"Marcin Gortat, C",LA Clippers,"$13,565,218"
83,"Cody Zeller, C",Charlotte Hornets,"$13,528,090"
84,"Eric Gordon, SG",Houston Rockets,"$13,500,375"
85,"Joe Ingles, SG",Utah Jazz,"$13,045,455"
86,"Michael Kidd-Gilchrist, F",Charlotte Hornets,"$13,000,000"
87,"Khris Middleton, SF",Milwaukee Bucks,"$13,000,000"
88,"Mason Plumlee, C",Denver Nuggets,"$12,917,808"
89,"Wilson Chandler, F",LA Clippers,"$12,800,562"
90,"Nikola Vucevic, C",Orlando Magic,"$12,750,000"
91,"Kelly Olynyk, PF",Miami Heat,"$12,537,527"
92,"Miles Plumlee, C",Atlanta Hawks,"$12,500,000"
93,"Jordan Clarkson, PG",Cleveland Cavaliers,"$12,500,000"
94,"Nikola Mirotic, F",Milwaukee Bucks,"$12,500,000"
95,"Tyreke Evans, G",Indiana Pacers,"$12,400,000"
96,"Courtney Lee, G",Dallas Mavericks,"$12,253,780"
97,"Solomon Hill, SF",New Orleans Pelicans,"$12,252,928"
98,"JJ Redick, SG",Philadelphia 76ers,"$12,250,000"
99,"Avery Bradley, PG",Memphis Grizzlies,"$12,000,000"
100,"Kentavious Caldwell-Pope, SG",Los Angeles Lakers,"$12,000,000"
101,"Kemba Walker, PG",Charlotte Hornets,"$12,000,000"
102,"Will Barton, G",Denver Nuggets,"$11,830,358"
103,"T.J. Warren, SF",Phoenix Suns,"$11,750,000"
104,"Zach Randolph, F",Dallas Mavericks,"$11,692,308"
105,"Marcus Smart, PG",Boston Celtics,"$11,660,716"
106,"Patty Mills, PG",San Antonio Spurs,"$11,571,429"
107,"Dion Waiters, G",Miami Heat,"$11,550,000"
108,"Alec Burks, SG",Sacramento Kings,"$11,536,515"
109,"John Henson, F",Milwaukee Bucks,"$11,327,466"
110,"Omer Asik, C",Chicago Bulls,"$11,286,516"
111,"Jusuf Nurkic, C",Portland Trail Blazers,"$11,111,111"
112,"Iman Shumpert, G",Houston Rockets,"$11,011,234"
113,"Maurice Harkless, SF",Portland Trail Blazers,"$10,837,079"
114,"Tony Snell, SF",Milwaukee Bucks,"$10,807,143"
115,"Meyers Leonard, C",Portland Trail Blazers,"$10,595,506"
116,"Terrence Ross, G",Orlando Magic,"$10,500,000"
117,"Bojan Bogdanovic, SF",Indiana Pacers,"$10,500,000"
118,"Robert Covington, PF",Minnesota Timberwolves,"$10,464,092"
119,"Rudy Gay, SF",San Antonio Spurs,"$10,087,200"
120,"Jon Leuer, F",Detroit Pistons,"$10,002,681"
121,"Danny Green, F",Toronto Raptors,"$10,000,000"
122,"Andre Roberson, F",Brooklyn Nets,"$10,000,000"
123,"Darren Collison, PG",Indiana Pacers,"$10,000,000"
124,"Dwight Powell, C",Dallas Mavericks,"$9,631,250"
125,"Matthew Dellavedova, PG",Cleveland Cavaliers,"$9,607,500"
126,"Dante Exum, G",Utah Jazz,"$9,600,000"
127,"Jared Dudley, SF",Brooklyn Nets,"$9,530,000"
128,"Josh Richardson, SG",Miami Heat,"$9,367,200"
129,"Norman Powell, G",Toronto Raptors,"$9,367,200"
130,"Rajon Rondo, PG",Los Angeles Lakers,"$9,000,000"
131,"Bogdan Bogdanovic, SG",Sacramento Kings,"$9,000,000"
132,"E'Twaun Moore, G",New Orleans Pelicans,"$8,808,685"
133,"Cristiano Felicio, PF",Chicago Bulls,"$8,740,980"
134,"Kosta Koufos, C",Sacramento Kings,"$8,739,500"
135,"Jerami Grant, SF",Oklahoma City Thunder,"$8,653,847"
136,"Fred VanVleet, PG",Toronto Raptors,"$8,653,847"
137,"Julius Randle, PF",New Orleans Pelicans,"$8,641,000"
138,"Kyle Anderson, SF",Memphis Grizzlies,"$8,641,000"
139,"Jerryd Bayless, G",Minnesota Timberwolves,"$8,575,916"
140,"Markelle Fultz, PG",Philadelphia 76ers,"$8,339,880"
141,"Joe Harris, SF",Brooklyn Nets,"$8,333,333"
142,"CJ Miles, G",Memphis Grizzlies,"$8,333,333"
143,"Shaun Livingston, G",Golden State Warriors,"$8,307,692"
144,"Deandre Ayton, C",Phoenix Suns,"$8,165,160"
145,"Garrett Temple, SF",LA Clippers,"$8,000,000"
146,"Lou Williams, SG",LA Clippers,"$8,000,000"
147,"P.J. Tucker, PF",Houston Rockets,"$7,969,537"
148,"Cory Joseph, PG",Indiana Pacers,"$7,945,000"
149,"Karl-Anthony Towns, C",Minnesota Timberwolves,"$7,839,435"
150,"JaMychal Green, F",LA Clippers,"$7,666,667"
151,"Kyle Korver, G",Utah Jazz,"$7,560,000"
152,"Jeremy Lamb, SG",Charlotte Hornets,"$7,488,372"
153,"Darrell Arthur, F",Phoenix Suns,"$7,464,912"
154,"Lonzo Ball, PG",Los Angeles Lakers,"$7,461,960"
155,"Doug McDermott, SF",Indiana Pacers,"$7,333,333"
156,"Jae Crowder, PF",Utah Jazz,"$7,305,825"
157,"Marvin Bagley III, PF",Sacramento Kings,"$7,305,600"
158,"D.J. Augustin, G",Orlando Magic,"$7,250,000"
159,"Dewayne Dedmon, C",Atlanta Hawks,"$7,200,000"
160,"Lance Thomas, F",New York Knicks,"$7,119,650"
161,"D'Angelo Russell, PG",Brooklyn Nets,"$7,019,698"
162,"Davis Bertans, SF",San Antonio Spurs,"$7,000,000"
163,"Langston Galloway, SG",Detroit Pistons,"$7,000,000"
164,"Boban Marjanovic, C",Philadelphia 76ers,"$7,000,000"
165,"Ersan Ilyasova, PF",Milwaukee Bucks,"$7,000,000"
166,"Al-Farouq Aminu, SF",Portland Trail Blazers,"$6,957,105"
167,"Jayson Tatum, SF",Boston Celtics,"$6,700,800"
168,"Luka Doncic, PG",Dallas Mavericks,"$6,560,640"
169,"Nemanja Bjelica, PF",Sacramento Kings,"$6,500,000"
170,"Ben Simmons, PG",Philadelphia 76ers,"$6,434,520"
171,"Milos Teodosic, G",LA Clippers,"$6,300,000"
172,"Marco Belinelli, G",San Antonio Spurs,"$6,153,846"
173,"Wesley Johnson, F",Washington Wizards,"$6,134,520"
174,"Josh Jackson, SG",Phoenix Suns,"$6,041,520"
175,"Ish Smith, PG",Detroit Pistons,"$6,000,000"
176,"Jonathon Simmons, G",Philadelphia 76ers,"$6,000,000"
177,"Montrezl Harrell, C",LA Clippers,"$6,000,000"
178,"Jaren Jackson Jr., PF",Memphis Grizzlies,"$5,915,040"
179,"Brandon Ingram, SF",Los Angeles Lakers,"$5,757,120"
180,"Kristaps Porzingis, C",Boston Celtics,"$5,697,054"
181,"De'Aaron Fox, PG",Sacramento Kings,"$5,470,920"
182,"Ben McLemore, SG",Sacramento Kings,"$5,460,000"
183,"Alex Abrines, G",Oklahoma City Thunder,"$5,455,236"
184,"Patrick Patterson, PF",Oklahoma City Thunder,"$5,451,600"
185,"Jason Smith, F",New Orleans Pelicans,"$5,450,000"
186,"Marcus Morris Sr., F",Boston Celtics,"$5,375,000"
187,"Trae Young, PG",Atlanta Hawks,"$5,356,440"
188,"Dwight Howard, C",Washington Wizards,"$5,337,000"
189,"DeMarcus Cousins, C",Golden State Warriors,"$5,337,000"
190,"Alexis Ajinca, C",LA Clippers,"$5,285,394"
191,"Thabo Sefolosha, F",Utah Jazz,"$5,250,000"
192,"Aron Baynes, C",Boston Celtics,"$5,193,600"
193,"Jaylen Brown, SG",Boston Celtics,"$5,169,960"
194,"Patrick Beverley, PG",LA Clippers,"$5,027,028"
195,"Tony Parker, G",Charlotte Hornets,"$5,000,000"
196,"Mike Muscala, C",Los Angeles Lakers,"$5,000,000"
197,"Alan Williams, C",Brooklyn Nets,"$5,000,000"
198,"Dirk Nowitzki, F",Dallas Mavericks,"$5,000,000"
199,"Kyle Singler, F",Oklahoma City Thunder,"$4,996,000"
200,"Jonathan Isaac, PF",Orlando Magic,"$4,969,080"
201,"Mo Bamba, C",Orlando Magic,"$4,865,040"
202,"Anthony Tolliver, PF",Minnesota Timberwolves,"$4,750,000"
203,"Willie Cauley-Stein, C",Sacramento Kings,"$4,696,875"
204,"Dragan Bender, F",Phoenix Suns,"$4,661,280"
205,"Lauri Markkanen, PF",Chicago Bulls,"$4,536,120"
206,"Kyle O'Quinn, C",Indiana Pacers,"$4,449,000"
207,"Lance Stephenson, G",Los Angeles Lakers,"$4,449,000"
208,"Ed Davis, C",Brooklyn Nets,"$4,449,000"
209,"Wendell Carter Jr., C",Chicago Bulls,"$4,441,200"
210,"Justin Holiday, SF",Memphis Grizzlies,"$4,384,616"
211,"Alex Len, C",Atlanta Hawks,"$4,350,000"
212,"Mike Scott, PF",Philadelphia 76ers,"$4,320,500"
213,"Luc Mbah a Moute, F",LA Clippers,"$4,320,500"
214,"Emmanuel Mudiay, G",New York Knicks,"$4,294,480"
215,"Kris Dunn, G",Chicago Bulls,"$4,221,000"
216,"Frank Ntilikina, PG",New York Knicks,"$4,155,720"
217,"Glenn Robinson III, F",Detroit Pistons,"$4,075,000"
218,"Collin Sexton, PG",Cleveland Cavaliers,"$4,068,600"
219,"Stanley Johnson, SF",New Orleans Pelicans,"$3,940,402"
220,"Buddy Hield, SG",Sacramento Kings,"$3,844,760"
221,"Dennis Smith Jr., PG",New York Knicks,"$3,819,960"
222,"Kevin Knox II, SF",New York Knicks,"$3,739,920"
223,"J.J. Barea, G",Dallas Mavericks,"$3,710,850"
224,"Nene Hilario, C",Houston Rockets,"$3,651,480"
225,"Zach Collins, PF",Portland Trail Blazers,"$3,628,920"
226,"Frank Kaminsky, PF",Charlotte Hornets,"$3,627,842"
227,"Mikal Bridges, SF",Phoenix Suns,"$3,552,960"
228,"Michael Beasley, F",Los Angeles Lakers,"$3,500,000"
229,"Jamal Murray, PG",Denver Nuggets,"$3,499,800"
230,"Rodney Hood, SG",Portland Trail Blazers,"$3,472,887"
231,"Jodie Meeks, G",Toronto Raptors,"$3,454,500"
232,"Justise Winslow, PF",Miami Heat,"$3,448,926"
233,"Malik Monk, SG",Charlotte Hornets,"$3,447,480"
234,"Myles Turner, C",Indiana Pacers,"$3,410,284"
235,"Allonzo Trier, G",New York Knicks,"$3,382,000"
236,"Brook Lopez, C",Milwaukee Bucks,"$3,382,000"
237,"Shai Gilgeous-Alexander, PG",LA Clippers,"$3,375,360"
238,"Trey Lyles, PF",Denver Nuggets,"$3,364,249"
239,"Ekpe Udoh, F",Utah Jazz,"$3,360,000"
240,"Devin Booker, SG",Phoenix Suns,"$3,314,365"
241,"Luke Kennard, SG",Detroit Pistons,"$3,275,280"
242,"Cameron Payne, PG",Cleveland Cavaliers,"$3,263,294"
243,"Troy Daniels, G",Phoenix Suns,"$3,258,539"
244,"Kelly Oubre Jr., SG",Phoenix Suns,"$3,208,630"
245,"Miles Bridges, SF",Charlotte Hornets,"$3,206,640"
246,"Marquese Chriss, SF",Cleveland Cavaliers,"$3,206,160"
247,"Tomas Satoransky, SG",Washington Wizards,"$3,129,187"
248,"Bryn Forbes, SG",San Antonio Spurs,"$3,125,000"
249,"Donovan Mitchell, SG",Utah Jazz,"$3,111,480"
250,"Terry Rozier, SG",Boston Celtics,"$3,050,390"
251,"Jerome Robinson, SG",LA Clippers,"$3,046,200"
252,"Yogi Ferrell, PG",Sacramento Kings,"$3,000,000"
253,"Bam Adebayo, C",Miami Heat,"$2,955,840"
254,"Jakob Poeltl, C",San Antonio Spurs,"$2,947,320"
255,"Michael Porter Jr., SF",Denver Nuggets,"$2,894,160"
256,"Justin Jackson, F",Dallas Mavericks,"$2,807,880"
257,"Thon Maker, F",Detroit Pistons,"$2,799,720"
258,"Seth Curry, SG",Portland Trail Blazers,"$2,795,000"
259,"Cedi Osman, SF",Cleveland Cavaliers,"$2,775,000"
260,"Sam Dekker, F",Washington Wizards,"$2,760,095"
261,"Troy Brown Jr., SF",Washington Wizards,"$2,749,080"
262,"Justin Patton, C",Philadelphia 76ers,"$2,667,600"
263,"Domantas Sabonis, PF",Indiana Pacers,"$2,659,800"
264,"Jerian Grant, G",Orlando Magic,"$2,639,314"
265,"Delon Wright, SG",Memphis Grizzlies,"$2,536,898"
266,"D.J. Wilson, F",Milwaukee Bucks,"$2,534,280"
267,"Taurean Prince, PF",Atlanta Hawks,"$2,526,840"
268,"Dario Saric, PF",Minnesota Timberwolves,"$2,526,840"
269,"Zhaire Smith, SG",Philadelphia 76ers,"$2,526,840"
270,"Justin Anderson, F",Atlanta Hawks,"$2,516,048"
271,"Manu Ginobili, G",San Antonio Spurs,"$2,500,000"
272,"Reggie Bullock Jr., SF",Los Angeles Lakers,"$2,500,000"
273,"Bobby Portis, F",Washington Wizards,"$2,494,346"
274,"Dante Cunningham, F",San Antonio Spurs,"$2,487,000"
275,"Donte DiVincenzo, SG",Milwaukee Bucks,"$2,481,000"
276,"Rondae Hollis Jefferson, SF",Brooklyn Nets,"$2,470,357"
277,"Emeka Okafor, C",Philadelphia 76ers,"$2,445,085"
278,"Kendrick Perkins, C",Cleveland Cavaliers,"$2,445,085"
279,"Tyus Jones, PG",Minnesota Timberwolves,"$2,444,053"
280,"Jarell Martin, F",Orlando Magic,"$2,416,222"
281,"T.J. Leaf, PF",Indiana Pacers,"$2,407,560"
282,"Wayne Ellington, SG",Detroit Pistons,"$2,383,076"
283,"Lonnie Walker IV, G",San Antonio Spurs,"$2,357,160"
284,"John Collins, PF",Atlanta Hawks,"$2,299,080"
285,"Denzel Valentine, G",Boston Celtics,"$2,280,600"
286,"Larry Nance Jr., PF",Cleveland Cavaliers,"$2,272,391"
287,"Kevin Huerter, SG",Atlanta Hawks,"$2,250,960"
288,"Brandon Jennings, G",Milwaukee Bucks,"$2,222,803"
289,"Harry Giles III, PF",Sacramento Kings,"$2,207,040"
290,"Darius Miller, SF",New Orleans Pelicans,"$2,205,000"
291,"Juancho Hernangomez, PF",Denver Nuggets,"$2,166,360"
292,"Josh Okogie, SF",Minnesota Timberwolves,"$2,160,720"
293,"Raul Neto, PG",Utah Jazz,"$2,150,000"
294,"Terrance Ferguson, SF",Oklahoma City Thunder,"$2,118,840"
295,"Grayson Allen, SG",Utah Jazz,"$2,074,320"
296,"Sean Kilpatrick, G",Chicago Bulls,"$2,054,856"
297,"OG Anunoby, SF",Toronto Raptors,"$2,034,120"
298,"Jarrett Allen, C",Brooklyn Nets,"$2,034,120"
299,"Corey Brewer, F",Sacramento Kings,"$2,000,000"
300,"Torrey Craig, SF",Denver Nuggets,"$2,000,000"
301,"Chandler Hutchison, SF",Chicago Bulls,"$1,990,520"
302,"Ante Zizic, C",Cleveland Cavaliers,"$1,952,760"
303,"Shabazz Napier, G",Brooklyn Nets,"$1,942,422"
304,"Aaron Holiday, G",Indiana Pacers,"$1,911,960"
305,"Tyler Lydon, F",Denver Nuggets,"$1,874,640"
306,"Trey Burke, PG",Dallas Mavericks,"$1,795,015"
307,"DeAndre Liggins, G",Miami Heat,"$1,795,015"
308,"Malik Beasley, SG",Denver Nuggets,"$1,773,840"
309,"Moritz Wagner, C",Los Angeles Lakers,"$1,762,080"
310,"Anfernee Simons, SG",Portland Trail Blazers,"$1,760,520"
311,"Nerlens Noel, C",Oklahoma City Thunder,"$1,757,429"
312,"Caleb Swanigan, F",Sacramento Kings,"$1,740,000"
313,"Furkan Korkmaz, SG",Philadelphia 76ers,"$1,740,000"
314,"Landry Shamet, SG",LA Clippers,"$1,703,649"
315,"Caris LeVert, SG",Brooklyn Nets,"$1,702,800"
316,"Jonah Bolden, PF",Philadelphia 76ers,"$1,690,000"
317,"Kyle Kuzma, SF",Los Angeles Lakers,"$1,689,840"
318,"Tony Bradley, C",Utah Jazz,"$1,679,520"
319,"Derrick White, PG",San Antonio Spurs,"$1,667,160"
320,"Spencer Dinwiddie, PG",Brooklyn Nets,"$1,656,092"
321,"Julyan Stone, G",Chicago Bulls,"$1,656,092"
322,"MarShon Brooks, G",Memphis Grizzlies,"$1,656,092"
323,"Josh Hart, SG",Los Angeles Lakers,"$1,655,160"
324,"Robert Williams III, C",Boston Celtics,"$1,654,440"
325,"Jacob Evans, G",Golden State Warriors,"$1,644,240"
326,"Pat Connaughton, SG",Milwaukee Bucks,"$1,641,000"
327,"DeAndre' Bembry, SG",Atlanta Hawks,"$1,634,640"
328,"James Ennis III, F",Philadelphia 76ers,"$1,621,415"
329,"Omari Rasulala Spellman, F",Atlanta Hawks,"$1,620,480"
330,"Luke Kornet, C",New York Knicks,"$1,619,260"
331,"Rodions Kurucs, SF",Brooklyn Nets,"$1,618,320"
332,"Richaun Holmes, F",Phoenix Suns,"$1,600,520"
333,"T.J. McConnell, PG",Philadelphia 76ers,"$1,600,520"
334,"Dwight Buycks, G",Detroit Pistons,"$1,600,520"
335,"Malachi Richardson, G",Toronto Raptors,"$1,569,360"
336,"Jahlil Okafor, C",New Orleans Pelicans,"$1,567,707"
337,"Quinn Cook, PG",Golden State Warriors,"$1,544,951"
338,"Georgios Papagiannis, C",Portland Trail Blazers,"$1,544,951"
339,"Chinanu Onuaku, C",Portland Trail Blazers,"$1,544,951"
340,"Malcolm Brogdon, PG",Milwaukee Bucks,"$1,544,951"
341,"Timothe Luwawu-Cabarrot, SG",Chicago Bulls,"$1,544,951"
342,"Skal Labissiere, C",Portland Trail Blazers,"$1,544,951"
343,"Dorian Finney-Smith, PF",Dallas Mavericks,"$1,544,951"
344,"Cheick Diallo, F",New Orleans Pelicans,"$1,544,951"
345,"Ivica Zubac, C",LA Clippers,"$1,544,951"
346,"Pascal Siakam, PF",Toronto Raptors,"$1,544,951"
347,"Wade Baldwin IV, G",Portland Trail Blazers,"$1,544,951"
348,"Andrew Harrison, G",New Orleans Pelicans,"$1,544,951"
349,"Rodney McGruder, G",Miami Heat,"$1,544,951"
350,"Damian Jones, C",Golden State Warriors,"$1,544,951"
351,"Paul Zipser, F",Chicago Bulls,"$1,544,951"
352,"Wayne Selden, G",Chicago Bulls,"$1,544,951"
353,"Willy Hernangomez, C",Charlotte Hornets,"$1,544,951"
354,"Jake Layman, F",Portland Trail Blazers,"$1,544,951"
355,"Dejounte Murray, SG",New Orleans Pelicans,"$1,544,951"
356,"Alex Poythress, F",Atlanta Hawks,"$1,544,951"
357,"Shelvin Mack, G",Charlotte Hornets,"$1,512,601"
358,"Omri Casspi, F",Memphis Grizzlies,"$1,512,601"
359,"Derrick Rose, PG",Minnesota Timberwolves,"$1,512,601"
360,"David Nwaba, SF",Cleveland Cavaliers,"$1,512,601"
361,"Raymond Felton, G",Oklahoma City Thunder,"$1,512,601"
362,"Quincy Pondexter, F",San Antonio Spurs,"$1,512,601"
363,"Troy Williams, F",Sacramento Kings,"$1,512,601"
364,"JaVale McGee, C",Los Angeles Lakers,"$1,512,601"
365,"Isaiah Thomas, G",Denver Nuggets,"$1,512,601"
366,"Amir Johnson, F",Philadelphia 76ers,"$1,512,601"
367,"Jamal Crawford, G",Phoenix Suns,"$1,512,601"
368,"Luol Deng, F",Minnesota Timberwolves,"$1,512,601"
369,"Treveon Graham, F",Brooklyn Nets,"$1,512,601"
370,"Isaiah Canaan, G",Milwaukee Bucks,"$1,512,601"
371,"Udonis Haslem, PF",Miami Heat,"$1,512,601"
372,"Dwyane Wade, G",Miami Heat,"$1,512,601"
373,"Christian Wood, F",New Orleans Pelicans,"$1,512,601"
374,"Carmelo Anthony, PF",Houston Rockets,"$1,512,601"
375,"Jeff Green, PF",Washington Wizards,"$1,512,601"
376,"Gerald Green, G",Houston Rockets,"$1,512,601"
377,"Kevon Looney, F",Golden State Warriors,"$1,512,601"
378,"Jonas Jerebko, F",Golden State Warriors,"$1,512,601"
379,"Jose Calderon, G",Detroit Pistons,"$1,512,601"
380,"Zaza Pachulia, C",Detroit Pistons,"$1,512,601"
381,"Derrick Jones Jr., SF",Miami Heat,"$1,512,601"
382,"Devin Harris, G",Dallas Mavericks,"$1,512,601"
383,"Georges Niang, SF",Utah Jazz,"$1,512,601"
384,"Channing Frye, F",Cleveland Cavaliers,"$1,512,601"
385,"Ian Clark, G",New Orleans Pelicans,"$1,512,601"
386,"Noah Vonleh, PF",New York Knicks,"$1,512,601"
387,"Vince Carter, G",Atlanta Hawks,"$1,512,601"
388,"Svi Mykhailiuk, SG",Detroit Pistons,"$1,487,694"
389,"Mitchell Robinson, C",New York Knicks,"$1,485,440"
390,"Dakari Johnson, C",Memphis Grizzlies,"$1,378,242"
391,"Frank Jackson, G",New Orleans Pelicans,"$1,378,242"
392,"Jaylen Morris, F",Milwaukee Bucks,"$1,378,242"
393,"Khem Birch, C",Orlando Magic,"$1,378,242"
394,"Brandon Paul, G",San Antonio Spurs,"$1,378,242"
395,"Wes Iwundu, F",Orlando Magic,"$1,378,242"
396,"Jawun Evans, G",Oklahoma City Thunder,"$1,378,242"
397,"Abdel Nader, SF",Oklahoma City Thunder,"$1,378,242"
398,"Royce O'Neale, PF",Utah Jazz,"$1,378,242"
399,"Ivan Rabb, PF",Memphis Grizzlies,"$1,378,242"
400,"Damyean Dotson, SG",New York Knicks,"$1,378,242"
401,"Thomas Bryant, C",Washington Wizards,"$1,378,242"
402,"Rodney Purvis, G",Miami Heat,"$1,378,242"
403,"Frank Mason III, G",Sacramento Kings,"$1,378,242"
404,"Sterling Brown, SF",Milwaukee Bucks,"$1,378,242"
405,"David Stockton, G",Los Angeles Lakers,"$1,378,242"
406,"Semi Ojeleye, PF",Boston Celtics,"$1,378,242"
407,"Daniel Theis, C",Boston Celtics,"$1,378,242"
408,"Zhou Qi, C",Houston Rockets,"$1,378,242"
409,"Dillon Brooks, SF",Memphis Grizzlies,"$1,378,242"
410,"Tyler Dorsey, G",Memphis Grizzlies,"$1,378,242"
411,"Maxi Kleber, PF",Dallas Mavericks,"$1,378,242"
412,"Jordan Bell, F",Golden State Warriors,"$1,378,242"
413,"Ike Anigbogu, C",Indiana Pacers,"$1,378,242"
414,"Jabari Bird, G",Atlanta Hawks,"$1,349,464"
415,"Ben Moore, F",San Antonio Spurs,"$1,349,383"
416,"Monte Morris, PG",Denver Nuggets,"$1,349,383"
417,"Ryan Arcidiacono, G",Chicago Bulls,"$1,349,383"
418,"Daniel Hamilton, F",Atlanta Hawks,"$1,349,383"
419,"Antonio Blakeney, G",Chicago Bulls,"$1,349,383"
420,"Alfonzo McKinnie, F",Golden State Warriors,"$1,349,383"
421,"Tyrone Wallace, G",LA Clippers,"$1,349,383"
422,"Tyson Chandler, C",Los Angeles Lakers,"$1,333,140"
423,"Shaquille Harrison, G",Chicago Bulls,"$1,311,265"
424,"Elie Okobo, G",Phoenix Suns,"$1,238,464"
425,"Jalen Brunson, PG",Dallas Mavericks,"$1,230,000"
426,"Joakim Noah, C",Memphis Grizzlies,"$1,093,858"
427,"Melvin Frazier Jr., G",Orlando Magic,"$1,050,000"
428,"Nick Young, G",Denver Nuggets,"$1,042,584"
429,"Isaac Bonga, G",Los Angeles Lakers,"$1,000,000"
430,"Devonte' Graham, PG",Charlotte Hornets,"$988,464"
431,"De'Anthony Melton, SG",Phoenix Suns,"$949,000"
432,"Ron Baker, G",Washington Wizards,"$948,580"
433,"Austin Rivers, SG",Houston Rockets,"$922,943"
434,"Chasson Randle, G",Washington Wizards,"$869,094"
435,"Gary Trent Jr., SG",Portland Trail Blazers,"$838,464"
436,"Bruce Brown, SF",Detroit Pistons,"$838,464"
437,"Hamidou Diallo, G",Oklahoma City Thunder,"$838,464"
438,"Brad Wanamaker, PG",Boston Celtics,"$838,464"
439,"Kenrich Williams, SF",New Orleans Pelicans,"$838,464"
440,"Alize Johnson, F",Indiana Pacers,"$838,464"
441,"Ryan Broekhoff, G",Dallas Mavericks,"$838,464"
442,"Isaiah Briscoe, G",Orlando Magic,"$838,464"
443,"Isaiah Hartenstein, C",Houston Rockets,"$838,464"
444,"Keita Bates-Diop, SF",Minnesota Timberwolves,"$838,464"
445,"Jarred Vanderbilt, PF",Denver Nuggets,"$838,464"
446,"Khyri Thomas, SG",Detroit Pistons,"$838,464"
447,"Chimezie Metu, PF",San Antonio Spurs,"$838,464"
448,"Jevon Carter, PG",Memphis Grizzlies,"$838,464"
449,"Patrick McCaw, SF",Toronto Raptors,"$777,665"
450,"Kenneth Faried, F",Houston Rockets,"$683,661"
451,"Brandon Goodwin, G",Denver Nuggets,"$630,032"
452,"Gary Clark, F",Houston Rockets,"$596,873"
453,"Salah Mejri, C",Dallas Mavericks,"$512,746"
454,"Wesley Matthews, SG",Indiana Pacers,"$512,746"
455,"Nik Stauskas, G",Cleveland Cavaliers,"$504,200"
456,"Jeremy Lin, G",Toronto Raptors,"$487,109"
457,"Enes Freedom, C",Portland Trail Blazers,"$487,109"
458,"John Jenkins, G",Washington Wizards,"$486,520"
459,"Chris Boucher, PF",Toronto Raptors,"$457,418"
460,"Malcolm Miller, F",Toronto Raptors,"$457,418"
461,"Markieff Morris, PF",Oklahoma City Thunder,"$427,288"
462,"Henry Ellenson, PF",New York Knicks,"$341,831"
463,"Pau Gasol, PF",Milwaukee Bucks,"$333,285"
464,"Andrew Bogut, C",Golden State Warriors,"$307,648"
465,"Jaylen Adams, G",Atlanta Hawks,"$270,014"
466,"Danuel House Jr., SF",Houston Rockets,"$247,827"
467,"Jimmer Fredette, G",Phoenix Suns,"$208,509"
468,"Tim Frazier, PG",New Orleans Pelicans,"$196,553"
469,"Dairis Bertans, G",New Orleans Pelicans,"$194,220"
470,"Ray Spalding, F",Phoenix Suns,"$184,746"
471,"Deonte Burton, F",Oklahoma City Thunder,"$151,587"
472,"Cameron Reynolds, SF",Minnesota Timberwolves,"$108,953"
473,"Chris Chiozza, G",Houston Rockets,"$90,005"
474,"JaKarr Sampson, SF",Chicago Bulls,"$85,458"
475,"Michael Carter-Williams, G",Orlando Magic,"$59,820"
476,"Greg Monroe, C",Philadelphia 76ers,"$59,820"
477,"Tyler Zeller, C",Memphis Grizzlies,"$59,820"
478,"Jemerrio Jones, F",Los Angeles Lakers,"$52,108"
479,"Isaac Humphries, C",Atlanta Hawks,"$47,371"
480,"Mitchell Creek, G",Minnesota Timberwolves,"$47,371"
481,"BJ Johnson, F",Sacramento Kings,"$42,634"
482,"Billy Garrett Jr., G",New York Knicks,"$42,634"
483,"Deyonta Davis, F",Atlanta Hawks,"$25,367"
484,"Michael Frazier II, G",Houston Rockets,"$23,685"
485,"Yante Maten, F",Miami Heat,"$18,948"
486,"Eric Moreland, C",Phoenix Suns,"$17,092"
487,"Jordan McRae, G",Washington Wizards,"$17,092"
488,"Jonathan Gibson, G",Boston Celtics,"$17,092"
489,"Tarik Phillip, G",Washington Wizards,"$9,474"
490,"Duncan Robinson, F",Miami Heat,"$9,474"
491,"Kendrick Nunn, G",Washington Wizards,"$4,737"
492,"Theo Pinson, G",Brooklyn Nets,"$4,737"
